{"model_type": "LogisticRegression", "feature_keys": ["age", "sex", "fab_M0", "fab_M1", "fab_M2", "fab_M3", "fab_M4", "fab_M5", "fab_M6", "fab_M7", "eln_fav", "eln_adv", "wbc", "wbc_high", "mut_FLT3", "mut_NPM1", "mut_DNMT3A", "mut_TP53", "mut_IDH1", "mut_IDH2", "mut_CEBPA", "mut_RUNX1", "mut_NRAS", "mut_TET2", "mut_WT1", "mut_KIT", "mut_PTPN11", "mut_ASXL1", "mut_KRAS", "mut_count"], "mut_genes": ["FLT3", "NPM1", "DNMT3A", "TP53", "IDH1", "IDH2", "CEBPA", "RUNX1", "NRAS", "TET2", "WT1", "KIT", "PTPN11", "ASXL1", "KRAS"], "n_features": 30, "coef": [[-1.3923798904594327, 0.9003169510601894, -0.1372832067272786, 0.5024475239232021, 0.024177692964406854, 0.8677438156915357, -0.3812290043852631, -0.166370486882828, -0.0011106633919143148, 0.002102567854128229, 0.9351838632561714, -0.6267447042231132, -0.030630451278222517, 0.23571865241402765, 0.09426751947137675, -0.7254252950049643, -0.23805090763218265, 0.42466211971323237, 0.17957794790943868, 0.12354439637645405, -0.31981495422812617, -0.07564740746242375, -0.38510209670803786, -0.032870073909973166, 0.3917090472358084, -0.0079603023109442, -0.06721365855046152, -0.021263931192030253, -0.12120403734264452, -0.2860477298107939], [0.9056325399441629, -0.25078250780391637, 0.43835941538168266, 0.2934648650852091, 0.46386975228290084, -0.062134891127419815, 0.22186325018582406, -0.36709815554062797, -0.028227086603845444, -0.04149881300960507, -0.1767649585056414, 0.08600983695713411, -0.150503331002453, 0.22142103563340004, -0.1257189897151693, -0.07846438908906238, -0.08644185286004331, -0.1532269705359487, 0.38197920164535004, -0.08310783071595505, 0.38953555496486914, 0.3540307809386221, -0.027264804200745237, -0.11217211370435494, -0.2818072979419766, 0.6713600058658926, -0.040066004931309455, 0.27062969325837677, -0.10101228082756324, 0.2343566056393555], [1.0802473256239797, 0.12000646828525503, -0.16663934415304574, -0.14689165099361712, 0.15340754017368521, -0.2541067814400961, -0.12122454321501615, 0.24358124878606602, -0.15211568829124697, 0.08965262911056496, -0.24740315165243854, 0.10030296453793361, 0.004230203603431447, -0.09792964480259157, -0.14400278922626786, 0.142315519965081, -0.13405045624483727, 0.2935092929268401, -0.20622846340878445, -0.1897922072410221, 0.046756317617927985, 0.1117317613985985, 0.10434760869763021, 0.05698401700971776, -0.07415256006704933, -0.0675224430594177, -0.20250306460938455, 0.1576790501325541, 0.09254654179603797, -0.016700819034709987], [1.0145616371657677, -0.20211309106444597, -0.03564741621914376, -0.3493473056631312, -0.5925196826262261, -0.12177830321921615, 0.22578790793529782, -0.23928168168515956, -0.09877612456190007, -0.0700505637576314, -0.10419402293750016, 0.08258161065061037, -0.15300921819323546, 0.2639359493087782, -0.1758134570982379, -0.13286182901313748, 0.202332883373735, 0.08955525696013726, 0.46437856733272187, 0.5380370871704195, 0.33218943995849365, 0.05154849540613718, 0.0012066009070316461, -0.1339387720366381, -0.03006241178213932, -0.6668019371740928, -0.10095145294010995, -0.421451010613862, 0.24115579043476862, 0.0696901916052871], [-1.1380572725793547, 0.08973627729571121, 0.1590863813091938, 0.09348506097993241, 0.19088149521726425, -0.4344225582279129, 0.19858426360449133, 0.3947261383619772, 0.15186448227098429, 0.0972577642494763, -0.011605817828141716, -0.00954298675841503, -0.09135006491236508, -0.00284889262444266, 0.03265150063495156, 0.1149460518462143, -0.03883383649738452, 0.05840980447174328, -0.1194721977962181, -0.18799414679393872, 0.26159418442443244, -0.05744124715372975, 0.04560734581876808, -0.004292937492722272, 0.012242605299172106, 0.07134031902929573, 0.13067880312362634, 0.07415722745752737, 0.02823288133871196, 0.06083973933183532], [-0.31798221466134224, 0.17582326165223677, -0.19266934172452377, -0.01544856630270765, -0.13767700885166215, 0.2354161916450704, -0.1574350511203051, 0.3302490173656877, 0.19664144200102446, -0.11832264050147376, -0.384174602428723, 0.03628033110182098, 0.050716069213225516, 0.06649986070534188, 0.09033969529345769, 0.2252118258775084, -0.1086355333933858, 0.25852302044277203, -0.3891290781533325, -0.26418563136032014, -0.5400742366456445, -0.05598335104946898, 0.23450436605839792, 0.1442442403552713, 0.1292579095856024, 0.09661706914349366, -0.16155351867552634, 0.10550910315237892, -0.05201008957471967, -0.02663644492738941], [-0.13220125579613107, 0.19557103218233152, 0.06547453034648186, -0.0654857910655283, 0.2031195874378852, 0.20300008556526183, 0.029772595955342453, -0.546926100712364, -0.11834524018610905, 0.29381827017712797, -0.313592325546179, -0.02912484788460965, 0.037384557143156374, -0.11982317113467637, 0.4914374391276491, 0.19893436038433004, -0.034221078102452666, -0.6041564016345865, -0.25723220432236676, -0.13936577388471225, -0.0744085844077617, 0.05723773227908325, -0.40405993382581745, -0.14768789192429305, 0.05640175567270523, 0.12508402375256444, 0.4097939922625723, 0.15930295149777257, -2.8577261755960448e-06, -0.05222470798176124], [-1.2423413181474556, -0.008278257789336517, 0.15695945847437467, 0.053170858018574754, 0.13852534565707658, -0.24815319164056057, 0.08210613819619027, 0.4209366833790098, 0.10602866738827811, -0.14807538171122211, -0.25282015018739, -0.011023646395006888, 0.05202487957913038, -0.2248183877107522, -0.10574209046056697, 0.22540712082273487, 0.21550435682752955, 0.03899178790143461, -0.23409408181090302, -0.2044888066732649, 0.23529853143198562, -0.25300168400775436, -0.03140132285518924, -0.035816424626059974, 0.023849517469114036, 0.005717660326638352, 0.13853312826885206, 0.018506113080067735, 0.08950044012069086, 0.013140798391067476], [1.2225204489098096, -1.0202801338180234, -0.28764047668774234, -0.3653949939819329, -0.4437847222553327, -0.18556436724666162, -0.09822555715656166, -0.06981666307175853, -0.0559597886252723, -0.10488383241136269, 0.5553711658298421, 0.37126144201364386, 0.2811373558473304, -0.3421554017890844, -0.15741882802719168, 0.029936634211297084, 0.22239642452902422, -0.406267910245624, 0.18022030860409138, 0.40735291312233884, -0.3310762531161761, -0.13247508034906494, 0.4621622361079623, 0.26554995632905604, -0.22743856547124075, -0.22783439557342827, -0.10671822394825858, -0.34306919677278735, -0.1772063882191057, 0.0035823667871102997]], "intercept": [-2.635881161736145, -1.7371347708717846, 0.974972243704816, -1.1893149328537838, 3.4410010859720717, 1.1342343888316084, 0.45379203579552235, 1.9356108875249198, -2.377279776367098], "classes": ["ATRA_based", "CPX351", "HMA", "IDH_Inhibitor", "Intensive_Chemo", "Other", "Targeted_Therapy", "Transplant_Conditioning", "Venetoclax_based"], "scaler_mean": [56.97345767575323, 0.3802008608321377, 0.03443328550932568, 0.07173601147776183, 0.07890961262553801, 0.02295552367288379, 0.08393113342898136, 0.08393113342898136, 0.005738880918220947, 0.00430416068866571, 0.24964131994261118, 0.2984218077474892, 30.682525107603993, 0.02582496413199426, 0.1908177905308465, 0.24892395982783358, 0.17718794835007173, 0.07962697274031563, 0.07962697274031563, 0.22525107604017217, 0.05738880918220947, 0.07317073170731707, 0.11262553802008608, 0.07890961262553801, 0.027259684361549498, 0.19799139167862267, 0.010760401721664276, 0.03299856527977044, 0.0746054519368723, 1.6671449067431852], "scaler_scale": [17.230274687488738, 0.48543605784350496, 0.18233933848284015, 0.2580502976844291, 0.269597636600964, 0.1497617027339987, 0.2772845078079722, 0.27728450780797204, 0.07553771352130798, 0.06546476066886633, 0.43280541969795083, 0.4575655498485511, 29.07872713541781, 0.15861284739760306, 0.39294574860629977, 0.4323896645983354, 0.38182768274388623, 0.2707148277293473, 0.27071482772934796, 0.4177475658611521, 0.2325840359157491, 0.26041654273246484, 0.316134506509132, 0.269597636600964, 0.16283916595849057, 0.3984856339942304, 0.10317274580262473, 0.17863275167014595, 0.26275364598453443, 1.2549915364736095], "tx_to_cat": {"Decitabine": "HMA",